{
    "name": "root",
    "metadata": {
        "timer_format_version": "0.1.0",
        "start_time_seconds": "1676580354",
        "python_version": "3.8.0 (tags/v3.8.0:fa919fd, Oct 14 2019, 19:37:50) [MSC v.1916 64 bit (AMD64)]",
        "command_line_arguments": "C:\\Users\\diego\\JuegoCoche\\venv\\Scripts\\mlagents-learn config/AgenteCocheCircuito.yaml --run-id=CircuitoEntero1 --time-scale=3",
        "mlagents_version": "0.29.0",
        "mlagents_envs_version": "0.29.0",
        "communication_protocol_version": "1.5.0",
        "pytorch_version": "1.7.1+cpu",
        "numpy_version": "1.21.2",
        "end_time_seconds": "1676580367"
    },
    "total": 13.3657205,
    "count": 1,
    "self": 0.004952999999998653,
    "children": {
        "run_training.setup": {
            "total": 0.07654270000000007,
            "count": 1,
            "self": 0.07654270000000007
        },
        "TrainerController.start_learning": {
            "total": 13.2842248,
            "count": 1,
            "self": 0.014437600000027473,
            "children": {
                "TrainerController._reset_env": {
                    "total": 3.9809982,
                    "count": 1,
                    "self": 3.9809982
                },
                "TrainerController.advance": {
                    "total": 9.242858099999973,
                    "count": 776,
                    "self": 0.012638199999965849,
                    "children": {
                        "env_step": {
                            "total": 8.716594400000004,
                            "count": 776,
                            "self": 8.143402099999996,
                            "children": {
                                "SubprocessEnvManager._take_step": {
                                    "total": 0.5637153000000072,
                                    "count": 776,
                                    "self": 0.0435165000000266,
                                    "children": {
                                        "TorchPolicy.evaluate": {
                                            "total": 0.5201987999999806,
                                            "count": 776,
                                            "self": 0.10512229999999967,
                                            "children": {
                                                "TorchPolicy.sample_actions": {
                                                    "total": 0.415076499999981,
                                                    "count": 776,
                                                    "self": 0.415076499999981
                                                }
                                            }
                                        }
                                    }
                                },
                                "workers": {
                                    "total": 0.009476999999999514,
                                    "count": 775,
                                    "self": 0.0,
                                    "children": {
                                        "worker_root": {
                                            "total": 6.280795099999996,
                                            "count": 775,
                                            "is_parallel": true,
                                            "self": 1.9477204000000112,
                                            "children": {
                                                "steps_from_proto": {
                                                    "total": 0.0004596999999995077,
                                                    "count": 1,
                                                    "is_parallel": true,
                                                    "self": 0.0001158999999999466,
                                                    "children": {
                                                        "_process_rank_one_or_two_observation": {
                                                            "total": 0.0003437999999995611,
                                                            "count": 6,
                                                            "is_parallel": true,
                                                            "self": 0.0003437999999995611
                                                        }
                                                    }
                                                },
                                                "UnityEnvironment.step": {
                                                    "total": 4.3326149999999855,
                                                    "count": 775,
                                                    "is_parallel": true,
                                                    "self": 0.1123107000000001,
                                                    "children": {
                                                        "UnityEnvironment._generate_step_input": {
                                                            "total": 0.11202559999998929,
                                                            "count": 775,
                                                            "is_parallel": true,
                                                            "self": 0.11202559999998929
                                                        },
                                                        "communicator.exchange": {
                                                            "total": 3.7886258999999844,
                                                            "count": 775,
                                                            "is_parallel": true,
                                                            "self": 3.7886258999999844
                                                        },
                                                        "steps_from_proto": {
                                                            "total": 0.3196528000000116,
                                                            "count": 775,
                                                            "is_parallel": true,
                                                            "self": 0.08825479999999963,
                                                            "children": {
                                                                "_process_rank_one_or_two_observation": {
                                                                    "total": 0.23139800000001198,
                                                                    "count": 4650,
                                                                    "is_parallel": true,
                                                                    "self": 0.23139800000001198
                                                                }
                                                            }
                                                        }
                                                    }
                                                }
                                            }
                                        }
                                    }
                                }
                            }
                        },
                        "trainer_advance": {
                            "total": 0.5136255000000034,
                            "count": 775,
                            "self": 0.01653959999998733,
                            "children": {
                                "process_trajectory": {
                                    "total": 0.49708590000001607,
                                    "count": 775,
                                    "self": 0.49708590000001607
                                }
                            }
                        }
                    }
                },