{
    "name": "root",
    "gauges": {
        "AgenteCoche.Policy.Entropy.mean": {
            "value": 1.416076421737671,
            "min": 1.416076421737671,
            "max": 1.418938398361206,
            "count": 21
        },
        "AgenteCoche.Policy.Entropy.sum": {
            "value": 141449.046875,
            "min": 141449.046875,
            "max": 142211.6875,
            "count": 21
        },
        "AgenteCoche.Step.mean": {
            "value": 2099952.0,
            "min": 99970.0,
            "max": 2099952.0,
            "count": 21
        },
        "AgenteCoche.Step.sum": {
            "value": 2099952.0,
            "min": 99970.0,
            "max": 2099952.0,
            "count": 21
        },
        "AgenteCoche.Policy.ExtrinsicValueEstimate.mean": {
            "value": -0.07409318536520004,
            "min": -0.11180732399225235,
            "max": -0.07409318536520004,
            "count": 21
        },
        "AgenteCoche.Policy.ExtrinsicValueEstimate.sum": {
            "value": -117.36360931396484,
            "min": -177.326416015625,
            "max": -117.36360931396484,
            "count": 21
        },
        "AgenteCoche.Policy.GailValueEstimate.mean": {
            "value": 7.9422502517700195,
            "min": -0.08841170370578766,
            "max": 7.9422502517700195,
            "count": 21
        },
        "AgenteCoche.Policy.GailValueEstimate.sum": {
            "value": 12580.5244140625,
            "min": -139.8673095703125,
            "max": 12580.5244140625,
            "count": 21
        },
        "AgenteCoche.Environment.EpisodeLength.mean": {
            "value": 1196.132530120482,
            "min": 1191.3369565217392,
            "max": 1199.0,
            "count": 21
        },
        "AgenteCoche.Environment.EpisodeLength.sum": {
            "value": 99279.0,
            "min": 86010.0,
            "max": 112663.0,
            "count": 21
        },
        "AgenteCoche.Environment.CumulativeReward.mean": {
            "value": 10.165231647082122,
            "min": 1.8166016618142258,
            "max": 19.33540330308935,
            "count": 21
        },
        "AgenteCoche.Environment.CumulativeReward.sum": {
            "value": 843.7142267078161,
            "min": 134.4285229742527,
            "max": 1778.8571038842201,
            "count": 21
        },
        "AgenteCoche.Policy.ExtrinsicReward.mean": {
            "value": 1.0165232294968454,
            "min": 0.1816601856435473,
            "max": 1.9335403916142557,
            "count": 21
        },
        "AgenteCoche.Policy.ExtrinsicReward.sum": {
            "value": 84.37142804823816,
            "min": 13.4428537376225,
            "max": 177.88571602851152,
            "count": 21
        },
        "AgenteCoche.Policy.GailReward.mean": {
            "value": 750.6943988986762,
            "min": 750.6943988986762,
            "max": 839.643562116121,
            "count": 21
        },
        "AgenteCoche.Policy.GailReward.sum": {
            "value": 62307.635108590126,
            "min": 60186.16214179993,
            "max": 78869.20582008362,
            "count": 21
        },
        "AgenteCoche.IsTraining.mean": {
            "value": 1.0,
            "min": 1.0,
            "max": 1.0,
            "count": 21
        },
        "AgenteCoche.IsTraining.sum": {
            "value": 1.0,
            "min": 1.0,
            "max": 1.0,
            "count": 21
        },
        "AgenteCoche.Losses.PolicyLoss.mean": {
            "value": 0.017689848343104435,
            "min": 0.017689848343104435,
            "max": 0.017689848343104435,
            "count": 1
        },
        "AgenteCoche.Losses.PolicyLoss.sum": {
            "value": 0.017689848343104435,
            "min": 0.017689848343104435,
            "max": 0.017689848343104435,
            "count": 1
        },
        "AgenteCoche.Losses.ValueLoss.mean": {
            "value": 28.44011475054423,
            "min": 28.44011475054423,
            "max": 28.44011475054423,
            "count": 1
        },
        "AgenteCoche.Losses.ValueLoss.sum": {
            "value": 28.44011475054423,
            "min": 28.44011475054423,
            "max": 28.44011475054423,
            "count": 1
        },
        "AgenteCoche.Policy.LearningRate.mean": {
            "value": 0.00023855906048032006,
            "min": 0.00023855906048032006,
            "max": 0.00023855906048032006,
            "count": 1
        },
        "AgenteCoche.Policy.LearningRate.sum": {
            "value": 0.00023855906048032006,
            "min": 0.00023855906048032006,
            "max": 0.00023855906048032006,
            "count": 1
        },
        "AgenteCoche.Policy.Epsilon.mean": {
            "value": 0.17951968000000004,
            "min": 0.17951968000000004,
            "max": 0.17951968000000004,
            "count": 1
        },
        "AgenteCoche.Policy.Epsilon.sum": {
            "value": 0.17951968000000004,
            "min": 0.17951968000000004,
            "max": 0.17951968000000004,
            "count": 1
        },
        "AgenteCoche.Policy.Beta.mean": {
            "value": 0.00039964643200000004,
            "min": 0.00039964643200000004,
            "max": 0.00039964643200000004,
            "count": 1
        },
        "AgenteCoche.Policy.Beta.sum": {
            "value": 0.00039964643200000004,
            "min": 0.00039964643200000004,
            "max": 0.00039964643200000004,
            "count": 1
        },
        "AgenteCoche.Policy.GAILPolicyEstimate.mean": {
            "value": 0.4178770806690057,
            "min": 0.4178770806690057,
            "max": 0.4178770806690057,
            "count": 1
        },
        "AgenteCoche.Policy.GAILPolicyEstimate.sum": {
            "value": 0.4178770806690057,
            "min": 0.4178770806690057,
            "max": 0.4178770806690057,
            "count": 1
        },
        "AgenteCoche.Policy.GAILExpertEstimate.mean": {
            "value": 0.5934088241060574,
            "min": 0.5934088241060574,
            "max": 0.5934088241060574,
            "count": 1
        },
        "AgenteCoche.Policy.GAILExpertEstimate.sum": {
            "value": 0.5934088241060574,
            "min": 0.5934088241060574,
            "max": 0.5934088241060574,
            "count": 1
        },
        "AgenteCoche.Losses.GAILLoss.mean": {
            "value": 1.142158849755923,
            "min": 1.142158849755923,
            "max": 1.142158849755923,
            "count": 1
        },
        "AgenteCoche.Losses.GAILLoss.sum": {
            "value": 1.142158849755923,
            "min": 1.142158849755923,
            "max": 1.142158849755923,
            "count": 1
        },
        "AgenteCoche.Policy.GAILGradMagLoss.mean": {
            "value": 0.20862683852327366,
            "min": 0.20862683852327366,
            "max": 0.20862683852327366,
            "count": 1
        },
        "AgenteCoche.Policy.GAILGradMagLoss.sum": {
            "value": 0.20862683852327366,
            "min": 0.20862683852327366,
            "max": 0.20862683852327366,
            "count": 1
        },
        "AgenteCoche.Losses.PretrainingLoss.mean": {
            "value": 1.4958035349845886,
            "min": 1.4958035349845886,
            "max": 1.4958035349845886,
            "count": 1
        },
        "AgenteCoche.Losses.PretrainingLoss.sum": {
            "value": 1.4958035349845886,
            "min": 1.4958035349845886,
            "max": 1.4958035349845886,
            "count": 1
        }
    },
    "metadata": {
        "timer_format_version": "0.1.0",
        "start_time_seconds": "1678826429",
        "python_version": "3.9.0rc2 (tags/v3.9.0rc2:2bd31b5, Sep 17 2020, 00:58:12) [MSC v.1927 64 bit (AMD64)]",