{"cameraMode":{"drawMode":0,"name":"Shaded","section":"Shading Mode"},"sceneLighting":true,"audioPlay":false,"sceneViewState":{"m_AlwaysRefresh":false,"showFog":true,"showSkybox":true,"showFlares":true,"showImageEffects":true,"showParticleSystems":true,"showVisualEffectGraphs":true,"m_FxEnabled":true},"in2DMode":false,"pivot":{"x":86.78842163085938,"y":11.838696479797364,"z":36.88642120361328},"rotation":{"x":0.6451037526130676,"y":-0.01833299547433853,"z":0.015485324896872044,"w":0.7637231349945068},"size":64.66236114501953,"orthographic":true}