{"cameraMode":{"drawMode":0,"name":"Shaded","section":"Shading Mode"},"sceneLighting":true,"audioPlay":false,"sceneViewState":{"m_AlwaysRefresh":false,"showFog":true,"showSkybox":true,"showFlares":true,"showImageEffects":true,"showParticleSystems":true,"showVisualEffectGraphs":true,"m_FxEnabled":true},"in2DMode":false,"pivot":{"x":99.84740447998047,"y":-0.4934988021850586,"z":33.40774154663086},"rotation":{"x":0.6451037526130676,"y":-0.01833299547433853,"z":0.015485324896872044,"w":0.7637231349945068},"size":49.34899139404297,"orthographic":true}