{"cameraMode":{"drawMode":0,"name":"Shaded","section":"Shading Mode"},"sceneLighting":true,"audioPlay":false,"sceneViewState":{"m_AlwaysRefresh":false,"showFog":true,"showSkybox":true,"showFlares":true,"showImageEffects":true,"showParticleSystems":true,"showVisualEffectGraphs":true,"m_FxEnabled":true},"in2DMode":false,"pivot":{"x":97.8463134765625,"y":1.4231719970703126,"z":49.428741455078128},"rotation":{"x":0.6451037526130676,"y":-0.01833299547433853,"z":0.015485324896872044,"w":0.7637231349945068},"size":54.03093719482422,"orthographic":true}