{"cameraMode":{"drawMode":0,"name":"Shaded","section":"Shading Mode"},"sceneLighting":true,"audioPlay":false,"sceneViewState":{"m_AlwaysRefresh":false,"showFog":true,"showSkybox":true,"showFlares":true,"showImageEffects":true,"showParticleSystems":true,"showVisualEffectGraphs":true,"m_FxEnabled":true},"in2DMode":false,"pivot":{"x":77.21780395507813,"y":19.36020278930664,"z":24.935741424560548},"rotation":{"x":0.5697205662727356,"y":0.08468830585479737,"z":-0.059177495539188388,"w":0.8153213858604431},"size":16.453712463378908,"orthographic":false}