{"cameraMode":{"drawMode":0,"name":"Shaded","section":"Shading Mode"},"sceneLighting":true,"audioPlay":false,"sceneViewState":{"m_AlwaysRefresh":false,"showFog":true,"showSkybox":true,"showFlares":true,"showImageEffects":true,"showParticleSystems":true,"showVisualEffectGraphs":true,"m_FxEnabled":true},"in2DMode":false,"pivot":{"x":57.651031494140628,"y":11.525230407714844,"z":14.018110275268555},"rotation":{"x":0.09947740286588669,"y":0.7635817527770996,"z":-0.12126808613538742,"w":0.6263703107833862},"size":30.65606117248535,"orthographic":true}