{
    "name": "root",
    "gauges": {
        "AgenteCoche.Policy.Entropy.mean": {
            "value": 1.4198129177093506,
            "min": 1.4198129177093506,
            "max": 1.4198130369186401,
            "count": 5
        },
        "AgenteCoche.Policy.Entropy.sum": {
            "value": 71092.875,
            "min": 41450.01953125,
            "max": 71264.671875,
            "count": 5
        },
        "AgenteCoche.Step.mean": {
            "value": 249980.0,
            "min": 49937.0,
            "max": 249980.0,
            "count": 5
        },
        "AgenteCoche.Step.sum": {
            "value": 249980.0,
            "min": 49937.0,
            "max": 249980.0,
            "count": 5
        },
        "AgenteCoche.Policy.ExtrinsicValueEstimate.mean": {
            "value": -3.4529945850372314,
            "min": -3.511232852935791,
            "max": -3.356043577194214,
            "count": 5
        },
        "AgenteCoche.Policy.ExtrinsicValueEstimate.sum": {
            "value": -2748.583740234375,
            "min": -2801.9638671875,
            "max": -1542.081787109375,
            "count": 5
        },
        "AgenteCoche.Environment.EpisodeLength.mean": {
            "value": 2142.653846153846,
            "min": 1644.9,
            "max": 2142.653846153846,
            "count": 5
        },
        "AgenteCoche.Environment.EpisodeLength.sum": {
            "value": 55709.0,
            "min": 16449.0,
            "max": 55709.0,
            "count": 5
        },
        "AgenteCoche.Environment.CumulativeReward.mean": {
            "value": -322.5348556133417,
            "min": -322.5348556133417,
            "max": -247.8900152683258,
            "count": 5
        },
        "AgenteCoche.Environment.CumulativeReward.sum": {
            "value": -8385.906245946884,
            "min": -8385.906245946884,
            "max": -2478.900152683258,
            "count": 5
        },
        "AgenteCoche.Policy.ExtrinsicReward.mean": {
            "value": -322.5348556133417,
            "min": -322.5348556133417,
            "max": -247.8900152683258,
            "count": 5
        },
        "AgenteCoche.Policy.ExtrinsicReward.sum": {
            "value": -8385.906245946884,
            "min": -8385.906245946884,
            "max": -2478.900152683258,
            "count": 5
        },
        "AgenteCoche.IsTraining.mean": {
            "value": 0.0,
            "min": 0.0,
            "max": 0.0,
            "count": 5
        },
        "AgenteCoche.IsTraining.sum": {
            "value": 0.0,
            "min": 0.0,
            "max": 0.0,
            "count": 5
        }
    },
    "metadata": {
        "timer_format_version": "0.1.0",
        "start_time_seconds": "1676592700",
        "python_version": "3.8.0 (tags/v3.8.0:fa919fd, Oct 14 2019, 19:37:50) [MSC v.1916 64 bit (AMD64)]",
        "command_line_arguments": "C:\\Users\\diego\\JuegoCoche\\venv\\Scripts\\mlagents-learn --run-id=EntrenamientoCerebro --resume --inference",
        "mlagents_version": "0.29.0",
        "mlagents_envs_version": "0.29.0",
        "communication_protocol_version": "1.5.0",
        "pytorch_version": "1.7.1+cpu",
        "numpy_version": "1.21.2",
        "end_time_seconds": "1676592852"
    },
    "total": 151.5925559,
    "count": 1,
    "self": 0.006409999999988258,
    "children": {
        "run_training.setup": {
            "total": 0.03283069999999999,
            "count": 1,
            "self": 0.03283069999999999
        },
        "TrainerController.start_learning": {
            "total": 151.55331520000001,
            "count": 1,
            "self": 0.5337008999997579,
            "children": {
                "TrainerController._reset_env": {
                    "total": 4.3054706,
                    "count": 1,
                    "self": 4.3054706
                },
                "TrainerController.advance": {
                    "total": 146.71414290000027,
                    "count": 24290,
                    "self": 0.41591950000110955,
                    "children": {
                        "env_step": {
                            "total": 130.40553530000054,
                            "count": 24290,
                            "self": 112.46409390000034,
                            "children": {
                                "SubprocessEnvManager._take_step": {
                                    "total": 17.62853049999871,
                                    "count": 24290,
                                    "self": 1.351272799999414,
                                    "children": {
                                        "TorchPolicy.evaluate": {
                                            "total": 16.277257699999296,
                                            "count": 24290,
                                            "self": 3.3191883999987954,
                                            "children": {
                                                "TorchPolicy.sample_actions": {
                                                    "total": 12.958069300000501,
                                                    "count": 24290,
                                                    "self": 12.958069300000501
                                                }
                                            }
                                        }
                                    }
                                },
                                "workers": {
                                    "total": 0.3129109000014836,
                                    "count": 24289,
                                    "self": 0.0,
                                    "children": {
                                        "worker_root": {
                                            "total": 146.5361346000018,
                                            "count": 24289,
                                            "is_parallel": true,
                                            "self": 61.008194200000275,
                                            "children": {
                                                "steps_from_proto": {
                                                    "total": 0.0005091000000003731,
                                                    "count": 1,
                                                    "is_parallel": true,
                                                    "self": 0.00014219999999909305,
                                                    "children": {
                                                        "_process_rank_one_or_two_observation": {
                                                            "total": 0.0003669000000012801,
                                                            "count": 6,
                                                            "is_parallel": true,
                                                            "self": 0.0003669000000012801
                                                        }
                                                    }
                                                },
                                                "UnityEnvironment.step": {
                                                    "total": 85.52743130000151,
                                                    "count": 24289,
                                                    "is_parallel": true,
                                                    "self": 3.5134992000013625,
                                                    "children": {
                                                        "UnityEnvironment._generate_step_input": {
                                                            "total": 3.740221900000021,
                                                            "count": 24289,
                                                            "is_parallel": true,