{
    "name": "root",
    "gauges": {
        "AgenteCoche.Policy.Entropy.mean": {
            "value": 2.1972227096557617,
            "min": 2.1972219944000244,
            "max": 2.1972227096557617,
            "count": 4
        },
        "AgenteCoche.Policy.Entropy.sum": {
            "value": 219933.203125,
            "min": 31499.3828125,
            "max": 219933.203125,
            "count": 4
        },
        "AgenteCoche.Step.mean": {
            "value": 499952.0,
            "min": 199968.0,
            "max": 499952.0,
            "count": 4
        },
        "AgenteCoche.Step.sum": {
            "value": 499952.0,
            "min": 199968.0,
            "max": 499952.0,
            "count": 4
        },
        "AgenteCoche.Policy.ExtrinsicValueEstimate.mean": {
            "value": 0.13854598999023438,
            "min": 0.13854598999023438,
            "max": 0.15424329042434692,
            "count": 4
        },
        "AgenteCoche.Policy.ExtrinsicValueEstimate.sum": {
            "value": 219.31829833984375,
            "min": 33.470794677734375,
            "max": 238.895263671875,
            "count": 4
        },
        "AgenteCoche.Policy.GailValueEstimate.mean": {
            "value": -0.013302628882229328,
            "min": -0.015658266842365265,
            "max": -0.013302628882229328,
            "count": 4
        },
        "AgenteCoche.Policy.GailValueEstimate.sum": {
            "value": -21.058061599731445,
            "min": -24.78703498840332,
            "max": -3.364513635635376,
            "count": 4
        },
        "AgenteCoche.IsTraining.mean": {
            "value": 1.0,
            "min": 1.0,
            "max": 1.0,
            "count": 4
        },
        "AgenteCoche.IsTraining.sum": {
            "value": 1.0,
            "min": 1.0,
            "max": 1.0,
            "count": 4
        },
        "AgenteCoche.Environment.EpisodeLength.mean": {
            "value": 1229.7692307692307,
            "min": 1224.8064516129032,
            "max": 1229.7692307692307,
            "count": 3
        },
        "AgenteCoche.Environment.EpisodeLength.sum": {
            "value": 95922.0,
            "min": 95922.0,
            "max": 113907.0,
            "count": 3
        },
        "AgenteCoche.Environment.CumulativeReward.mean": {
            "value": -139.23206277841177,
            "min": -142.42565244741928,
            "max": -139.23206277841177,
            "count": 3
        },
        "AgenteCoche.Environment.CumulativeReward.sum": {
            "value": -10860.100896716118,
            "min": -13103.801088809967,
            "max": -10860.100896716118,
            "count": 3
        },
        "AgenteCoche.Policy.ExtrinsicReward.mean": {
            "value": -55.692824587607994,
            "min": -56.97026036259456,
            "max": -55.692824587607994,
            "count": 3
        },
        "AgenteCoche.Policy.ExtrinsicReward.sum": {
            "value": -4344.040317833424,
            "min": -5241.520364403725,
            "max": -4344.040317833424,
            "count": 3
        },
        "AgenteCoche.Policy.GailReward.mean": {
            "value": 425.9817659243559,
            "min": 424.2301486640848,
            "max": 425.9817659243559,
            "count": 3
        },
        "AgenteCoche.Policy.GailReward.sum": {
            "value": 33226.57774209976,
            "min": 33224.71619606018,
            "max": 39453.40382575989,
            "count": 3
        }
    },
    "metadata": {
        "timer_format_version": "0.1.0",
        "start_time_seconds": "1676473541",
        "python_version": "3.8.0 (tags/v3.8.0:fa919fd, Oct 14 2019, 19:37:50) [MSC v.1916 64 bit (AMD64)]",
        "command_line_arguments": "C:\\Users\\diego\\JuegoCoche\\venv\\Scripts\\mlagents-learn config/AgenteCoche.yaml --run-id=AgenteCoche_imitation3 --resume",
        "mlagents_version": "0.29.0",
        "mlagents_envs_version": "0.29.0",
        "communication_protocol_version": "1.5.0",
        "pytorch_version": "1.7.1+cpu",
        "numpy_version": "1.21.2",
        "end_time_seconds": "1676473683"
    },
    "total": 142.1245704,
    "count": 1,
    "self": 0.009982699999994793,
    "children": {
        "run_training.setup": {
            "total": 0.0854311000000001,
            "count": 1,
            "self": 0.0854311000000001
        },
        "TrainerController.start_learning": {
            "total": 142.02915660000002,
            "count": 1,
            "self": 0.2953596999999206,
            "children": {
                "TrainerController._reset_env": {
                    "total": 4.8182694,
                    "count": 1,
                    "self": 3.545183999999999,
                    "children": {
                        "demo_to_buffer": {
                            "total": 1.2730854000000011,
                            "count": 2,
                            "self": 8.11000000009443e-05,
                            "children": {
                                "load_demonstration": {
                                    "total": 0.017941399999999774,
                                    "count": 2,
                                    "self": 0.017705999999999555,
                                    "children": {
                                        "read_file": {
                                            "total": 0.00023540000000021877,
                                            "count": 2,
                                            "self": 0.00023540000000021877
                                        }
                                    }
                                },
                                "make_demo_buffer": {
                                    "total": 1.2550629000000004,
                                    "count": 2,
                                    "self": 0.1763795000000039,
                                    "children": {
                                        "steps_from_proto": {
                                            "total": 1.0786833999999965,
                                            "count": 7996,
                                            "self": 0.669819199999945,
                                            "children": {
                                                "_process_rank_one_or_two_observation": {
                                                    "total": 0.4088642000000515,
                                                    "count": 31984,
                                                    "self": 0.4088642000000515
                                                }
                                            }
                                        }
                                    }
                                }
                            }
                        }
                    }
                },
                "TrainerController.advance": {
                    "total": 136.86262720000013,
                    "count": 19648,
                    "self": 0.2880137000013008,
                    "children": {
                        "env_step": {
                            "total": 117.33788309999919,
                            "count": 19648,
                            "self": 94.44926990000077,
                            "children": {
                                "SubprocessEnvManager._take_step": {
                                    "total": 22.683548899998492,
                                    "count": 19648,
                                    "self": 0.8984120999972731,
                                    "children": {
                                        "TorchPolicy.evaluate": {
                                            "total": 21.78513680000122,
                                            "count": 19648,
                                            "self": 3.772872800001039,