{"count":1,"self":6.0633555999999995,"total":30.068310099999998,"children":{"InitializeActuators":{"count":39,"self":0.0030025,"total":0.0030025,"children":null},"InitializeSensors":{"count":39,"self":0.0019982999999999997,"total":0.0019982999999999997,"children":null},"AgentSendState":{"count":2934,"self":3.3515669999999997,"total":4.5607877,"children":{"CollectObservations":{"count":114426,"self":0.1258898,"total":0.1258898,"children":null},"WriteActionMask":{"count":114426,"self":0.054104599999999996,"total":0.054104599999999996,"children":null},"RequestDecision":{"count":114426,"self":0.1834215,"total":1.0292263,"children":{"AgentInfo.ToProto":{"count":114426,"self":0.15745969999999998,"total":0.84580479999999991,"children":{"GenerateSensorData":{"count":114426,"self":0.55238239999999994,"total":0.68834509999999993,"children":{"RayPerceptionSensor.Perceive":{"count":114426,"self":0.1359627,"total":0.1359627,"children":null}}}}}}}}},"DecideAction":{"count":2934,"self":19.277438399999998,"total":19.2774379,"children":null},"AgentAct":{"count":2934,"self":0.16172799999999998,"total":0.16172799999999998,"children":null}},"gauges":{},"metadata":{"timer_format_version":"0.1.0","start_time_seconds":"1678919855","unity_version":"2021.3.17f1","command_line_arguments":"C:\\Program Files\\Unity\\Hub\\Editor\\2021.3.17f1\\Editor\\Unity.exe -projectpath C:\\Users\\diego\\JuegoCoche -useHub -hubIPC -cloudEnvironment production -licensingIpc LicenseClient-diego -hubSessionId 8e5bcc00-c364-11ed-b448-67a39b4970b7 -accessToken 76tFtVNWl7q7Bd378-bPU7uJ0ouryqXVm_M6xe80WJI001f","communication_protocol_version":"1.5.0","com.unity.ml-agents_version":"2.0.1","scene_name":"SampleScene","end_time_seconds":"1678919885"}}