{
    "name": "root",
    "gauges": {
        "AgenteCoche.Policy.Entropy.mean": {
            "value": 2.189878463745117,
            "min": 2.189878463745117,
            "max": 2.1971185207366943,
            "count": 22
        },
        "AgenteCoche.Policy.Entropy.sum": {
            "value": 219198.078125,
            "min": 218891.125,
            "max": 219922.765625,
            "count": 22
        },
        "AgenteCoche.Step.mean": {
            "value": 2199968.0,
            "min": 99968.0,
            "max": 2199968.0,
            "count": 22
        },
        "AgenteCoche.Step.sum": {
            "value": 2199968.0,
            "min": 99968.0,
            "max": 2199968.0,
            "count": 22
        },
        "AgenteCoche.Policy.ExtrinsicValueEstimate.mean": {
            "value": -0.2237461656332016,
            "min": -0.2237461656332016,
            "max": -0.19760730862617493,
            "count": 22
        },
        "AgenteCoche.Policy.ExtrinsicValueEstimate.sum": {
            "value": -357.7701110839844,
            "min": -357.7701110839844,
            "max": -316.7645263671875,
            "count": 22
        },
        "AgenteCoche.Policy.GailValueEstimate.mean": {
            "value": 15.955982208251953,
            "min": -0.012104040011763573,
            "max": 15.955982208251953,
            "count": 22
        },
        "AgenteCoche.Policy.GailValueEstimate.sum": {
            "value": 25513.615234375,
            "min": -19.342256546020508,
            "max": 25513.615234375,
            "count": 22
        },
        "AgenteCoche.Environment.EpisodeLength.mean": {
            "value": 1499.0,
            "min": 1499.0,
            "max": 1499.0,
            "count": 22
        },
        "AgenteCoche.Environment.EpisodeLength.sum": {
            "value": 95936.0,
            "min": 95936.0,
            "max": 107928.0,
            "count": 22
        },
        "AgenteCoche.Environment.CumulativeReward.mean": {
            "value": -46.36461534362573,
            "min": -48.50307699212661,
            "max": -40.67692252810185,
            "count": 22
        },
        "AgenteCoche.Environment.CumulativeReward.sum": {
            "value": -3013.6999973356724,
            "min": -3362.300002425909,
            "max": -2643.99996432662,
            "count": 22
        },
        "AgenteCoche.Policy.ExtrinsicReward.mean": {
            "value": -4.636461577449854,
            "min": -4.8503077105260815,
            "max": -4.067692358906452,
            "count": 22
        },
        "AgenteCoche.Policy.ExtrinsicReward.sum": {
            "value": -301.3700025342405,
            "min": -336.2300019003451,
            "max": -264.4000033289194,
            "count": 22
        },
        "AgenteCoche.Policy.GailReward.mean": {
            "value": 686.783524442636,
            "min": 686.783524442636,
            "max": 1080.1073372263304,
            "count": 22
        },
        "AgenteCoche.Policy.GailReward.sum": {
            "value": 44640.92908877134,
            "min": 44640.92908877134,
            "max": 76687.62094306946,
            "count": 22
        },
        "AgenteCoche.IsTraining.mean": {
            "value": 1.0,
            "min": 1.0,
            "max": 1.0,
            "count": 22
        },
        "AgenteCoche.IsTraining.sum": {
            "value": 1.0,
            "min": 1.0,
            "max": 1.0,
            "count": 22
        },
        "AgenteCoche.Losses.PolicyLoss.mean": {
            "value": 0.017539418181035823,
            "min": 0.017539418181035823,
            "max": 0.017539418181035823,
            "count": 1
        },
        "AgenteCoche.Losses.PolicyLoss.sum": {
            "value": 0.017539418181035823,
            "min": 0.017539418181035823,
            "max": 0.017539418181035823,
            "count": 1
        },
        "AgenteCoche.Losses.ValueLoss.mean": {
            "value": 30.238369745254516,
            "min": 30.238369745254516,
            "max": 30.238369745254516,
            "count": 1
        },
        "AgenteCoche.Losses.ValueLoss.sum": {
            "value": 30.238369745254516,
            "min": 30.238369745254516,
            "max": 30.238369745254516,
            "count": 1
        },
        "AgenteCoche.Policy.LearningRate.mean": {
            "value": 0.00028771085209638395,
            "min": 0.00028771085209638395,
            "max": 0.00028771085209638395,
            "count": 1
        },
        "AgenteCoche.Policy.LearningRate.sum": {
            "value": 0.00028771085209638395,
            "min": 0.00028771085209638395,
            "max": 0.00028771085209638395,
            "count": 1
        },
        "AgenteCoche.Policy.Epsilon.mean": {
            "value": 0.19590361600000003,
            "min": 0.19590361600000003,
            "max": 0.19590361600000003,
            "count": 1
        },
        "AgenteCoche.Policy.Epsilon.sum": {
            "value": 0.19590361600000003,
            "min": 0.19590361600000003,
            "max": 0.19590361600000003,
            "count": 1
        },
        "AgenteCoche.Policy.Beta.mean": {
            "value": 0.0004799277183999999,
            "min": 0.0004799277183999999,
            "max": 0.0004799277183999999,
            "count": 1
        },
        "AgenteCoche.Policy.Beta.sum": {
            "value": 0.0004799277183999999,
            "min": 0.0004799277183999999,
            "max": 0.0004799277183999999,
            "count": 1
        },
        "AgenteCoche.Policy.GAILPolicyEstimate.mean": {
            "value": 0.34948171707987785,
            "min": 0.34948171707987785,
            "max": 0.34948171707987785,
            "count": 1
        },
        "AgenteCoche.Policy.GAILPolicyEstimate.sum": {
            "value": 0.34948171707987785,
            "min": 0.34948171707987785,
            "max": 0.34948171707987785,
            "count": 1
        },
        "AgenteCoche.Policy.GAILExpertEstimate.mean": {
            "value": 0.6616185181339582,
            "min": 0.6616185181339582,
            "max": 0.6616185181339582,
            "count": 1
        },
        "AgenteCoche.Policy.GAILExpertEstimate.sum": {
            "value": 0.6616185181339582,
            "min": 0.6616185181339582,
            "max": 0.6616185181339582,
            "count": 1
        },
        "AgenteCoche.Losses.GAILLoss.mean": {
            "value": 0.9434082517822584,
            "min": 0.9434082517822584,
            "max": 0.9434082517822584,
            "count": 1
        },
        "AgenteCoche.Losses.GAILLoss.sum": {
            "value": 0.9434082517822584,
            "min": 0.9434082517822584,
            "max": 0.9434082517822584,
            "count": 1
        },
        "AgenteCoche.Policy.GAILGradMagLoss.mean": {
            "value": 0.22852415882547697,
            "min": 0.22852415882547697,
            "max": 0.22852415882547697,
            "count": 1
        },
        "AgenteCoche.Policy.GAILGradMagLoss.sum": {
            "value": 0.22852415882547697,
            "min": 0.22852415882547697,
            "max": 0.22852415882547697,
            "count": 1
        },
        "AgenteCoche.Losses.PretrainingLoss.mean": {
            "value": 1.1391263405481975,
            "min": 1.1391263405481975,
            "max": 1.1391263405481975,
            "count": 1
        },
        "AgenteCoche.Losses.PretrainingLoss.sum": {
            "value": 1.1391263405481975,
            "min": 1.1391263405481975,
            "max": 1.1391263405481975,
            "count": 1
        }
    },
    "metadata": {
        "timer_format_version": "0.1.0",
        "start_time_seconds": "1676493304",
        "python_version": "3.8.0 (tags/v3.8.0:fa919fd, Oct 14 2019, 19:37:50) [MSC v.1916 64 bit (AMD64)]",
        "command_line_arguments": "C:\\Users\\diego\\JuegoCoche\\venv\\Scripts\\mlagents-learn config\\AgenteCoche.yaml --run-id=PruebaPrefabLarga --time-scale 50 --force",