{
    "name": "root",
    "gauges": {
        "AgenteCoche.Policy.Entropy.mean": {
            "value": 1.413070559501648,
            "min": 1.413070559501648,
            "max": 1.413070559501648,
            "count": 2
        },
        "AgenteCoche.Policy.Entropy.sum": {
            "value": 141024.4375,
            "min": 75401.4453125,
            "max": 141024.4375,
            "count": 2
        },
        "AgenteCoche.Step.mean": {
            "value": 2199997.0,
            "min": 2099997.0,
            "max": 2199997.0,
            "count": 2
        },
        "AgenteCoche.Step.sum": {
            "value": 2199997.0,
            "min": 2099997.0,
            "max": 2199997.0,
            "count": 2
        },
        "AgenteCoche.Policy.ExtrinsicValueEstimate.mean": {
            "value": 0.1429598480463028,
            "min": 0.11447639018297195,
            "max": 0.1429598480463028,
            "count": 2
        },
        "AgenteCoche.Policy.ExtrinsicValueEstimate.sum": {
            "value": 229.73648071289062,
            "min": 95.1298828125,
            "max": 229.73648071289062,
            "count": 2
        },
        "AgenteCoche.Environment.EpisodeLength.mean": {
            "value": 1120.471264367816,
            "min": 503.725,
            "max": 1120.471264367816,
            "count": 2
        },
        "AgenteCoche.Environment.EpisodeLength.sum": {
            "value": 97481.0,
            "min": 20149.0,
            "max": 97481.0,
            "count": 2
        },
        "AgenteCoche.Environment.CumulativeReward.mean": {
            "value": 4.771989634496042,
            "min": 1.4206993997097015,
            "max": 4.771989634496042,
            "count": 2
        },
        "AgenteCoche.Environment.CumulativeReward.sum": {
            "value": 415.16309820115566,
            "min": 56.82797598838806,
            "max": 415.16309820115566,
            "count": 2
        },
        "AgenteCoche.Policy.ExtrinsicReward.mean": {
            "value": 4.771989634496042,
            "min": 1.4206993997097015,
            "max": 4.771989634496042,
            "count": 2
        },
        "AgenteCoche.Policy.ExtrinsicReward.sum": {
            "value": 415.16309820115566,
            "min": 56.82797598838806,
            "max": 415.16309820115566,
            "count": 2
        },
        "AgenteCoche.IsTraining.mean": {
            "value": 0.0,
            "min": 0.0,
            "max": 0.0,
            "count": 2
        },
        "AgenteCoche.IsTraining.sum": {
            "value": 0.0,
            "min": 0.0,
            "max": 0.0,
            "count": 2
        }
    },
    "metadata": {
        "timer_format_version": "0.1.0",
        "start_time_seconds": "1676925600",
        "python_version": "3.8.0 (tags/v3.8.0:fa919fd, Oct 14 2019, 19:37:50) [MSC v.1916 64 bit (AMD64)]",
        "command_line_arguments": "C:\\Users\\diego\\JuegoCoche\\venv\\Scripts\\mlagents-learn config/AgenteCoche.yaml --run-id=PruebaLargaNoRayCast --resume --inference",
        "mlagents_version": "0.29.0",
        "mlagents_envs_version": "0.29.0",
        "communication_protocol_version": "1.5.0",
        "pytorch_version": "1.7.1+cpu",
        "numpy_version": "1.21.2",
        "end_time_seconds": "1676925669"
    },
    "total": 69.35340479999999,
    "count": 1,
    "self": 0.004615899999976136,
    "children": {
        "run_training.setup": {
            "total": 0.07984570000000002,
            "count": 1,
            "self": 0.07984570000000002
        },
        "TrainerController.start_learning": {
            "total": 69.26894320000001,
            "count": 1,
            "self": 0.0762815000000785,
            "children": {
                "TrainerController._reset_env": {
                    "total": 4.0321682999999995,
                    "count": 1,
                    "self": 4.0321682999999995
                },
                "TrainerController.advance": {
                    "total": 65.16049219999994,
                    "count": 4351,
                    "self": 0.06070590000000209,
                    "children": {
                        "env_step": {
                            "total": 58.30554510000003,
                            "count": 4351,
                            "self": 55.54650949999989,
                            "children": {
                                "SubprocessEnvManager._take_step": {
                                    "total": 2.7155865000000334,
                                    "count": 4351,
                                    "self": 0.2436521000000722,
                                    "children": {
                                        "TorchPolicy.evaluate": {
                                            "total": 2.4719343999999612,
                                            "count": 4351,
                                            "self": 0.415877599999841,
                                            "children": {
                                                "TorchPolicy.sample_actions": {
                                                    "total": 2.0560568000001203,
                                                    "count": 4351,
                                                    "self": 2.0560568000001203
                                                }
                                            }
                                        }
                                    }
                                },
                                "workers": {
                                    "total": 0.0434491000001076,
                                    "count": 4350,
                                    "self": 0.0,
                                    "children": {
                                        "worker_root": {
                                            "total": 34.286812899999894,
                                            "count": 4350,
                                            "is_parallel": true,
                                            "self": 16.172431299999914,
                                            "children": {
                                                "steps_from_proto": {
                                                    "total": 0.000512800000000091,
                                                    "count": 1,
                                                    "is_parallel": true,
                                                    "self": 0.00018019999999996372,
                                                    "children": {
                                                        "_process_rank_one_or_two_observation": {
                                                            "total": 0.00033260000000012724,
                                                            "count": 2,
                                                            "is_parallel": true,
                                                            "self": 0.00033260000000012724
                                                        }
                                                    }
                                                },
                                                "UnityEnvironment.step": {
                                                    "total": 18.11386879999998,
                                                    "count": 4350,
                                                    "is_parallel": true,
                                                    "self": 0.6433643000000835,
                                                    "children": {
                                                        "UnityEnvironment._generate_step_input": {
                                                            "total": 1.736492699999907,
                                                            "count": 4350,
                                                            "is_parallel": true,