{
    "name": "root",
    "metadata": {
        "timer_format_version": "0.1.0",
        "start_time_seconds": "1676429779",
        "python_version": "3.8.0 (tags/v3.8.0:fa919fd, Oct 14 2019, 19:37:50) [MSC v.1916 64 bit (AMD64)]",
        "command_line_arguments": "C:\\Users\\diego\\JuegoCoche\\venv\\Scripts\\mlagents-learn --resume",
        "mlagents_version": "0.29.0",
        "mlagents_envs_version": "0.29.0",
        "communication_protocol_version": "1.5.0",
        "pytorch_version": "1.13.1+cpu",
        "numpy_version": "1.21.2",
        "end_time_seconds": "1676429814"
    },
    "total": 34.9784849,
    "count": 1,
    "self": 0.0041559999999947195,
    "children": {
        "run_training.setup": {
            "total": 0.03576550000000012,
            "count": 1,
            "self": 0.03576550000000012
        },
        "TrainerController.start_learning": {
            "total": 34.93856340000001,
            "count": 1,
            "self": 0.08489009999999553,
            "children": {
                "TrainerController._reset_env": {
                    "total": 8.074714400000001,
                    "count": 1,
                    "self": 8.074714400000001
                },
                "TrainerController.advance": {
                    "total": 26.70873310000001,
                    "count": 5617,
                    "self": 0.07665650000009805,
                    "children": {
                        "env_step": {
                            "total": 23.64254019999994,
                            "count": 5617,
                            "self": 18.249396499999783,
                            "children": {
                                "SubprocessEnvManager._take_step": {
                                    "total": 5.3397295000000895,
                                    "count": 5617,
                                    "self": 0.20768020000007503,
                                    "children": {
                                        "TorchPolicy.evaluate": {
                                            "total": 5.1320493000000145,
                                            "count": 5617,
                                            "self": 1.1374670000000027,
                                            "children": {
                                                "TorchPolicy.sample_actions": {
                                                    "total": 3.994582300000012,
                                                    "count": 5617,
                                                    "self": 3.994582300000012
                                                }
                                            }
                                        }
                                    }
                                },
                                "workers": {
                                    "total": 0.05341420000006458,
                                    "count": 5616,
                                    "self": 0.0,
                                    "children": {
                                        "worker_root": {
                                            "total": 23.637362399999972,
                                            "count": 5616,
                                            "is_parallel": true,
                                            "self": 12.177505700000005,
                                            "children": {
                                                "steps_from_proto": {
                                                    "total": 0.0004849999999994026,
                                                    "count": 1,
                                                    "is_parallel": true,
                                                    "self": 0.00026170000000291793,
                                                    "children": {
                                                        "_process_rank_one_or_two_observation": {
                                                            "total": 0.00022329999999648464,
                                                            "count": 4,
                                                            "is_parallel": true,
                                                            "self": 0.00022329999999648464
                                                        }
                                                    }
                                                },
                                                "UnityEnvironment.step": {
                                                    "total": 11.459371699999968,
                                                    "count": 5616,
                                                    "is_parallel": true,
                                                    "self": 0.3181075999997347,
                                                    "children": {
                                                        "UnityEnvironment._generate_step_input": {
                                                            "total": 0.2988868000000817,
                                                            "count": 5616,
                                                            "is_parallel": true,
                                                            "self": 0.2988868000000817
                                                        },
                                                        "communicator.exchange": {
                                                            "total": 9.57904240000009,
                                                            "count": 5616,
                                                            "is_parallel": true,
                                                            "self": 9.57904240000009
                                                        },
                                                        "steps_from_proto": {
                                                            "total": 1.2633349000000624,
                                                            "count": 5616,
                                                            "is_parallel": true,
                                                            "self": 0.7151768999997614,
                                                            "children": {
                                                                "_process_rank_one_or_two_observation": {
                                                                    "total": 0.548158000000301,
                                                                    "count": 22464,
                                                                    "is_parallel": true,
                                                                    "self": 0.548158000000301
                                                                }
                                                            }
                                                        }
                                                    }
                                                }
                                            }
                                        }
                                    }
                                }
                            }
                        },
                        "trainer_advance": {
                            "total": 2.989536399999972,
                            "count": 5616,
                            "self": 0.10246700000002384,
                            "children": {
                                "process_trajectory": {
                                    "total": 0.6010160999999492,
                                    "count": 5616,
                                    "self": 0.6010160999999492
                                },
                                "_update_policy": {
                                    "total": 2.286053299999999,