{
    "name": "root",
    "gauges": {
        "AgenteCoche.Policy.Entropy.mean": {
            "value": -0.6897277235984802,
            "min": -0.6926820278167725,
            "max": -0.664821445941925,
            "count": 14
        },
        "AgenteCoche.Policy.Entropy.sum": {
            "value": -71283.359375,
            "min": -78255.421875,
            "max": -30258.017578125,
            "count": 14
        },
        "AgenteCoche.Step.mean": {
            "value": 3799709.0,
            "min": 2499955.0,
            "max": 3799709.0,
            "count": 14
        },
        "AgenteCoche.Step.sum": {
            "value": 3799709.0,
            "min": 2499955.0,
            "max": 3799709.0,
            "count": 14
        },
        "AgenteCoche.Policy.ExtrinsicValueEstimate.mean": {
            "value": -13.453391075134277,
            "min": -13.453391075134277,
            "max": -0.11734841763973236,
            "count": 14
        },
        "AgenteCoche.Policy.ExtrinsicValueEstimate.sum": {
            "value": -2031.4620361328125,
            "min": -2031.4620361328125,
            "max": -6.923556804656982,
            "count": 14
        },
        "AgenteCoche.Policy.GailValueEstimate.mean": {
            "value": 0.2574532628059387,
            "min": 0.08825787156820297,
            "max": 28.86766242980957,
            "count": 14
        },
        "AgenteCoche.Policy.GailValueEstimate.sum": {
            "value": 38.87544250488281,
            "min": 13.944743156433105,
            "max": 1703.192138671875,
            "count": 14
        },
        "AgenteCoche.Losses.PolicyLoss.mean": {
            "value": 0.049780983442791076,
            "min": 0.04735724666211075,
            "max": 0.05117043143859246,
            "count": 14
        },
        "AgenteCoche.Losses.PolicyLoss.sum": {
            "value": 0.4480288509851197,
            "min": 0.05036514813362278,
            "max": 0.46053388294733216,
            "count": 14
        },
        "AgenteCoche.Losses.ValueLoss.mean": {
            "value": 61.17830329298319,
            "min": 38.45032783558494,
            "max": 86.20671077662993,
            "count": 14
        },
        "AgenteCoche.Losses.ValueLoss.sum": {
            "value": 550.6047296368487,
            "min": 38.45032783558494,
            "max": 689.6536862130395,
            "count": 14
        },
        "AgenteCoche.Policy.LearningRate.mean": {
            "value": 7.499048166986443e-05,
            "min": 7.499048166986443e-05,
            "max": 0.0001501704499432,
            "count": 14
        },
        "AgenteCoche.Policy.LearningRate.sum": {
            "value": 0.0006749143350287799,
            "min": 0.0001501704499432,
            "max": 0.0012690234569923402,
            "count": 14
        },
        "AgenteCoche.Policy.Epsilon.mean": {
            "value": 0.12499680222222224,
            "min": 0.12499680222222224,
            "max": 0.15005680000000002,
            "count": 14
        },
        "AgenteCoche.Policy.Epsilon.sum": {
            "value": 1.1249712200000002,
            "min": 0.15005680000000002,
            "max": 1.3230076600000005,
            "count": 14
        },
        "AgenteCoche.Policy.Beta.mean": {
            "value": 0.00013248433088888887,
            "min": 0.00013248433088888887,
            "max": 0.00025527831999999997,
            "count": 14
        },
        "AgenteCoche.Policy.Beta.sum": {
            "value": 0.001192358978,
            "min": 0.00025527831999999997,
            "max": 0.0021627375339999997,
            "count": 14
        },
        "AgenteCoche.Policy.GAILPolicyEstimate.mean": {
            "value": 0.27797159511907865,
            "min": 0.27797159511907865,
            "max": 0.3119802406638717,
            "count": 14
        },
        "AgenteCoche.Policy.GAILPolicyEstimate.sum": {
            "value": 2.5017443560717076,
            "min": 0.2993409576123221,
            "max": 2.8078221659748452,
            "count": 14
        },
        "AgenteCoche.Policy.GAILExpertEstimate.mean": {
            "value": 0.7164999754274475,
            "min": 0.6883682890369838,
            "max": 0.7164999754274475,
            "count": 14
        },
        "AgenteCoche.Policy.GAILExpertEstimate.sum": {
            "value": 6.448499778847027,
            "min": 0.6980111851242551,
            "max": 6.448499778847027,
            "count": 14
        },
        "AgenteCoche.Losses.GAILLoss.mean": {
            "value": 0.7972427175626261,
            "min": 0.7972427175626261,
            "max": 0.8889183597588352,
            "count": 14
        },
        "AgenteCoche.Losses.GAILLoss.sum": {
            "value": 7.175184458063635,
            "min": 0.8466006773605681,
            "max": 8.000265237829517,
            "count": 14
        },
        "AgenteCoche.Policy.GAILGradMagLoss.mean": {
            "value": 0.021253809328320872,
            "min": 0.017585788693738422,
            "max": 0.02477103454116126,
            "count": 14
        },
        "AgenteCoche.Policy.GAILGradMagLoss.sum": {
            "value": 0.19128428395488786,
            "min": 0.020269273195146143,
            "max": 0.19816827632929007,
            "count": 14
        },
        "AgenteCoche.Losses.PretrainingLoss.mean": {
            "value": 0.21979711571383098,
            "min": 0.21797509207611993,
            "max": 0.22104129250402804,
            "count": 14
        },
        "AgenteCoche.Losses.PretrainingLoss.sum": {
            "value": 1.9781740414244788,
            "min": 0.21797509207611993,
            "max": 1.9893716325362523,
            "count": 14
        },
        "AgenteCoche.Environment.EpisodeLength.mean": {
            "value": 1417.2894736842106,
            "min": 1143.2916666666667,
            "max": 1459.9285714285713,
            "count": 14
        },
        "AgenteCoche.Environment.EpisodeLength.sum": {
            "value": 107714.0,
            "min": 27439.0,
            "max": 107714.0,
            "count": 14
        },
        "AgenteCoche.Environment.CumulativeReward.mean": {
            "value": -60.71607718969646,
            "min": -60.71607718969646,
            "max": 42.31045602772334,
            "count": 14
        },
        "AgenteCoche.Environment.CumulativeReward.sum": {
            "value": -4614.421866416931,
            "min": -4614.421866416931,
            "max": 3181.889429092407,
            "count": 14
        },
        "AgenteCoche.Policy.ExtrinsicReward.mean": {
            "value": -60.10892003460934,
            "min": -60.10892003460934,
            "max": 41.88735120590419,
            "count": 14
        },
        "AgenteCoche.Policy.ExtrinsicReward.sum": {
            "value": -4568.27792263031,
            "min": -4568.27792263031,
            "max": 3150.0706634521484,
            "count": 14
        },
        "AgenteCoche.Policy.GailReward.mean": {
            "value": 6.735370008177262,
            "min": 4.56184104513377,
            "max": 9.380657409777704,
            "count": 14
        },
        "AgenteCoche.Policy.GailReward.sum": {
            "value": 511.8881206214719,
            "min": 91.23682090267539,
            "max": 759.833250191994,
            "count": 14
        },
        "AgenteCoche.IsTraining.mean": {
            "value": 1.0,
            "min": 1.0,
            "max": 1.0,
            "count": 14
        },
        "AgenteCoche.IsTraining.sum": {
            "value": 1.0,
            "min": 1.0,
            "max": 1.0,
            "count": 14
        }
    },
    "metadata": {
        "timer_format_version": "0.1.0",
        "start_time_seconds": "1678970666",
        "python_version": "3.9.0rc2 (tags/v3.9.0rc2:2bd31b5, Sep 17 2020, 00:58:12) [MSC v.1927 64 bit (AMD64)]",